Label,training MSE,validation MSE,implicit energy MSE,learned energy MSE,test MSE,implicit energy MSE test,learned energy MSE test
Vanilla AFNO,0.000627489993 ± 0.000000000000,0.000756479683 ± 0.000000000000,72738.960937500000 ± 0.000000000000,N/A,0.000688476022 ± 0.000000000000,60575.960937500000 ± 0.000000000000,N/A
